id|name
431|TRIAL MINI ELECTRIC 20" XL
455|TRIAL MINI ELECTRIC 16"
456|TRIAL MINI ELECTRIC 20"
001|SCOOTER ARK AIR MOFA
023|SCOOTER ARK 50 AIR MY07-MY11
034|MOTARD RR 50 MY05-MY06
036|MOTARD RR 50 MY07
012|SCOOTER ARK 50 LC MY07-MY11
039|MOTARD RR 125 4T MY07
041|MOTARD RR 125 MY08-MY09
043|MOTARD RR 50 MY08-MY09
046|MOTARD RR 50 TRACK MY08
047|ALP 200 MY07
048|ALP 4.0 350 MY07-MY13
052|MOTARD M4 350 MY07-MY15
058|ALP 125 MY08-MY11
060|URBAN 125 MY11-MY12
063|URBAN 200 MY11-MY12
064|SCOOTER ARK 50 AIR MY13
065|SCOOTER ARK 50 LC MY13
066|MOTARD RR 50 MY09
067|MOTARD RR 50 MY10-MY11
069|MOTARD RR 50 TRACK MY10-MY11
070|MOTARD RR 50 MY10-MY11
071|MOTARD RR 125 MY10
072|MOTARD RR 125 MY10
073|MOTARD RR 400 4T MY09
074|MOTARD RR 450 4T MY09
075|MOTARD RR 525 4T MY09
076|URBAN 125 4T MY11-MY12
077|URBAN 200 4T MY11-MY12
080|ALP 200 MY16-MY17
271|TRIAL EVO 300 4T FACTORY MY18
082|MOTARD M4 350 MY16
085|ALP 4.0 350 4T MY16-MY17
372|ENDURO RR 250 2T MY19
373|ENDURO RR 300 2T MY19
374|ENDURO RR 250 2T RACING MY19
375|ENDURO RR 300 2T RACING MY19
459|ENDURO RS 400-450-525 4T MY08 USA
460|ENDURO RS 400-450-525 4T MY09 USA
103|MOTARD RR 50 SPORT MY16
104|MOTARD RR 50 TRACK MY16
105|MOTARD RR 50 MY16
107|MOTARD RR 50 2T TRACK MY17
108|MOTARD RR 50 2T MY17
109|MOTARD RR 50 2T SPORT MY18
110|MOTARD RR 50 2T TRACK MY18
112|TRIAL REV 50 MY08
113|TRIAL REV 80 MY08
114|TRIAL EVO 80 SENIOR MY09
115|TRIAL EVO 80 JUNIOR MY09
116|TRIAL EVO 80 SENIOR MY11-MY14
120|TRIAL EVO 80 JUNIOR MY11-MY14
124|ENDURO RR 50 MY05-MY06
126|ENDURO RR 50 RACING MY05-MY06
128|ENDURO RR 50 MY05-MY06
129|ENDURO RR 50 MY07
131|ENDURO RR 50 RACING MY07
133|ENDURO RR 50 MY07
134|ENDURO RR 125 4T MY07
135|ENDURO RR 125 MY08-MY09
137|ENDURO RE 125 MY08
138|ENDURO RR 50 RACING MY08
139|ENDURO RR 50 MY09
140|ENDURO RR 50 MY08-MY09
142|TRIAL REV 250 MY04
143|TRIAL REV 270 MY04
144|TRIAL REV 250 MY05
145|TRIAL REV 200 MY05
146|TRIAL REV 270 MY05
147|TRIAL REV 125 MY05
148|TRIAL REV 250 MY06
150|TRIAL REV 200 MY06
152|TRIAL REV 270 MY06
154|TRIAL REV 125 MY06
156|TRIAL REV 250 MY07
157|TRIAL REV 200 MY07
158|TRIAL REV 270 MY07
159|TRIAL REV 125 MY07
160|ENDURO RR 400 MY06
161|ENDURO RR 450 MY06
162|ENDURO RR 525 MY06
163|ENDURO RR 400 MY07
165|ENDURO RR 450 MY07
167|ENDURO RR 525 MY07
169|ENDURO RR 400 MY08
170|ENDURO RR 450 MY08
171|ENDURO RR 525 MY08
172|TRIAL REV 250 4T MY07
174|TRIAL REV 250 4T MY08
175|TRIAL REV 250 MY08
176|TRIAL REV 200 MY08
177|TRIAL REV 270 MY08
178|TRIAL REV 125 MY08
179|CROSS MINI 50 AIR MY12
180|CROSS MINI 50 AIR MY12
181|TRIAL MINI 50 LC MY15
182|TRIAL EVO 200 2T MY09
183|TRIAL EVO 125 2T MY09
184|TRIAL EVO 250 2T MY09
185|TRIAL EVO 290 2T MY09
186|TRIAL EVO 125 2T MY18
187|TRIAL EVO 125 2T MY19
189|TRIAL EVO 200 2T MY19
190|TRIAL EVO 250 2T MY18
191|TRIAL EVO 250 2T MY19
193|TRIAL EVO 200 2T MY10
194|TRIAL EVO 300 2T MY19
195|TRIAL EVO 125 2T MY10
196|TRIAL EVO 250 2T MY10
197|TRIAL EVO 290 2T MY10
199|TRIAL EVO 300 2T SS MY19
200|TRIAL EVO 125 2T FACTORY MY18
201|TRIAL EVO 250 2T FACTORY MY18
202|TRIAL EVO 300 2T FACTORY MY18
203|TRIAL EVO 200 2T MY11
204|TRIAL EVO 125 2T MY11
205|TRIAL EVO 250 2T MY11
206|TRIAL EVO 290 2T MY11
207|TRIAL EVO 300 2T FACTORY MY11
208|TRIAL EVO 200 2T MY12
209|TRIAL EVO 125 2T STANDARD/FACTORY MY12
211|TRIAL EVO 250 2T STANDARD/FACTORY MY12
212|TRIAL EVO 300 2T STANDARD/FACTORY MY12
213|TRIAL EVO 200 2T MY13
214|TRIAL EVO 125 2T STANDARD/FACTORY MY13
216|TRIAL EVO 250 2T STANDARD/FACTORY MY13
218|TRIAL EVO 300 2T STANDARD/FACTORY MY13
220|TRIAL EVO 200 2T MY14
221|TRIAL EVO 125 2T STANDARD/FACTORY MY14
223|TRIAL EVO 250 2T STANDARD/FACTORY MY14
225|TRIAL EVO 300 2T STANDARD/FACTORY MY14
233|TRIAL EVO 300 2T FACTORY MY15
234|TRIAL EVO 125 2T MY16
235|TRIAL EVO 200 2T MY16
236|TRIAL EVO 250 2T MY16
237|TRIAL EVO 300 2T MY16
238|TRIAL EVO 125 2T MY17
240|TRIAL EVO 250 2T MY17
239|TRIAL EVO 200 2T MY17
241|TRIAL EVO 300 2T MY17
242|TRIAL EVO 300 2T SS MY17
243|TRIAL EVO 125 2T FACTORY MY16
244|TRIAL EVO 250 2T FACTORY MY16
246|TRIAL EVO 125 2T FACTORY MY17
245|TRIAL EVO 300 2T FACTORY MY16
247|TRIAL EVO 250 2T FACTORY MY17
249|TRIAL EVO 300 2T FACTORY SS MY17
260|TRIAL EVO 250 4T MY14
088|MOTARD RR 125 LC MY14-MY15
261|TRIAL EVO 300 4T MY14
262|TRIAL EVO 250 4T MY15
251|TRIAL EVO 300 4T MY09
252|TRIAL EVO 250 4T MY10
253|TRIAL EVO 300 4T MY10
254|TRIAL EVO 250 4T MY11
255|TRIAL EVO 300 4T MY11
256|TRIAL EVO 250 4T MY12-MY13
267|TRIAL EVO 300 4T MY17
272|TRIAL EVO 300 4T FACTORY MY17
268|TRIAL EVO 250 4T MY17
324|ENDURO RR 125 LC MY14-MY15
450|TRIAL EVO 300 4T MY19
457|TRIAL EVO 300 4T FACTORY MY19
090|MOTARD RR 125 LC MY16
091|MOTARD RR 125 LC MY17
092|MOTARD RR 125 4T LC MY18 - CBS - FDV
270|TRIAL EVO 250 4T MY18
273|TRIAL EVO 80 SENIOR MY15
276|TRIAL EVO 80 SENIOR MY16
277|TRIAL EVO 80 JUNIOR MY16
278|TRIAL EVO 80 SENIOR MY17
279|TRIAL EVO 80 JUNIOR MY17
280|TRIAL EVO 80 SENIOR MY18
281|TRIAL EVO 80 JUNIOR MY18
282|ENDURO RR 50 RACING MY10-MY11
283|ENDURO RR 50 MY10-MY11
284|ENDURO RR 50 MY10-MY11
285|ENDURO RE 125 4T MY09
441|ENDURO XTRAINER 300 2T MY19
286|ENDURO RR 125 MY10-MY11
083|ALP 4.0 350 MY14-MY15
287|ENDURO RE 125 4T MY10-MY11
288|ENDURO RR 125 MY10-MY11
364|ENDURO RR 250 2T MY17
366|ENDURO RR 250 2T RACING MY17
376|ENDURO RR 350 4T STD/RACING MY13-MY14
289|ENDURO RR 125 MY13-MY15
378|ENDURO RR 400 4T STD/RACING MY13-MY14
380|ENDURO RR 450 4T STD/RACING MY13-MY14
296|ENDURO RR 125 MY16
297|ENDURO RE 125 MY16
298|ENDURO RR 400 MY09
299|ENDURO RR 450 MY09
300|ENDURO RR 525 MY09
301|ENDURO RR 400 4T MY09
106|MOTARD RR 50 2T SPORT MY17
302|ENDURO RR 450 4T MY09
303|ENDURO RR 525 4T MY09
383|ENDURO RR 498 4T STD/RACING MY13-MY14
304|ENDURO RR 400 4T MY10
305|ENDURO RR 450 4T MY10
307|ENDURO RR 400 4T STANDARD/FACTORY MY11
309|MOTOCICLO RR 4T STANDARD/FACTORY MY11
311|ENDURO RR 520 4T STANDARD/FACTORY MY11
313|ENDURO RR 350 4T MY11
314|ENDURO RR 400 4T STANDARD/FACTORY MY12
316|ENDURO RR 450 4T STD/FACTORY/XC MY12
319|ENDURO RR 498 4T STANDARD/FACTORY MY12
321|ENDURO RR 350 4T STANDARD/FACTORY MY12
467|ENDURO RS 400 4T MY13 USA -ROSSO-
468|ENDURO RS 450 4T MY13 USA -ROSSO-
469|ENDURO RS 520 4T MY13 USA -ROSSO-
471|ENDURO RS 450 4T MY14 USA
472|ENDURO RS 520 4T MY14 USA
330|ENDURO RR 50 FACTORY MY12-MY14
355|ENDURO RR 250 2T MY15
357|ENDURO RR 250 2T RACING MY15
336|ENDURO RR 50 FACTORY MY15
356|ENDURO RR 300 2T MY15
359|ENDURO RR 250 2T MY16
340|ENDURO RR 50 SPORT MY16
341|ENDURO RR 50 MY16
342|ENDURO RR 50 2T RACING MY17
344|ENDURO RR 50 2T MY17
345|ENDURO RR 50 2T RACING MY18
346|ENDURO RR 50 2T SPORT MY18
347|ENDURO RR 50 2T MY18
258|TRIAL EVO 300 4T MY12-MY13
358|ENDURO RR 300 2T RACING MY15
360|ENDURO RR 300 2T MY16
361|ENDURO RR 250 2T RACING MY16
362|ENDURO RR 300 2T RACING MY16
510|MINICROSS E 36V LI-ION 12" MY19
365|ENDURO RR 300 2T MY17
367|ENDURO RR 300 2T RACING MY17
369|ENDURO RR 300 2T MY18
370|ENDURO RR 250 2T RACING MY18
371|ENDURO RR 300 2T RACING MY18
473|ENDURO RS 390 4T MY15 USA
474|ENDURO RS 430 4T MY15 USA
475|ENDURO RS 500 4T MY15 USA
479|ENDURO RR-S 350 4T MY17 USA
480|ENDURO RR-S 350 4T MY17 CANADA
275|TRIAL EVO 80 JUNIOR MY15
386|ENDURO RR 350 4T FACTORY MY14
387|ENDURO RR 390 4T MY15
389|ENDURO RR 480 4T MY15
390|ENDURO RR 350 4T MY15
391|ENDURO RR 430 4T RACING MY15
392|ENDURO RR 480 4T RACING MY15
393|ENDURO RR 350 4T RACING MY15
394|ENDURO RR 350 4T MY16
396|ENDURO RR 430 4T MY16
397|ENDURO RR 480 4T MY16
398|ENDURO RR 350 4T RACING MY16
399|ENDURO RR 430 4T RACING MY16
403|ENDURO RR 350 4T MY17
404|ENDURO RR 390 4T MY17
406|ENDURO RR 480 4T MY17
405|ENDURO RR 430 4T MY17
505|ENDURO RR 350 4T MY20
506|ENDURO RR 390 4T MY20
411|ENDURO RR 350 4T MY18
413|ENDURO RR 430 4T MY18
414|ENDURO RR 480 4T MY18
415|ENDURO RR 350 4T RACING MY18
507|ENDURO RR 430 4T MY20
443|ENDURO RR 200 2T MY19
508|ENDURO RR 480 4T MY20
416|ENDURO RR 390 4T RACING MY18
339|ENDURO RR 50 RACING MY16
418|ENDURO RR 480 4T RACING MY18
343|ENDURO RR 50 2T SPORT MY17
462|MOTARD RR 50 2T TRACK R MY19
423|ENDURO RR 125 2T MY18
424|ENDURO RR 125 2T MY19
425|ENDURO XTRAINER 300 MY15
461|ENDURO RR 125 4T R LC MY19
427|ENDURO XTRAINER 300 MY17
428|ENDURO XTRAINER 250 MY17
429|ENDURO XTRAINER 300 MY18
430|ENDURO XTRAINER 250 MY18
432|TRIAL EVO 80 2T SENIOR MY19
433|TRIAL EVO 80 2T JUNIOR MY19
248|TRIAL EVO 300 2T FACTORY MY17
440|ENDURO RR 125 2T RACING MY19
437|ENDURO RR 390 4T RACING MY19
438|ENDURO RR 430 4T RACING MY19
439|ENDURO RR 480 4T RACING MY19
454|ENDURO RR 300 2T HOLCOMBE REPLICA MY19
442|ENDURO XTRAINER 250 2T MY19
444|ENDURO RR 50 2T MY19
445|ENDURO RR 50 2T RACING MY19
388|ENDURO RR 430 4T MY15
447|MOTARD RR 50 2T MY19
448|MOTARD RR 50 2T SPORT MY19
449|MOTARD RR 50 2T TRACK MY19
458|CRUISER 350CC EURO-JONATHAN
463|ENDURO RR-S 125 4T MY17 USA
452|TRIAL EVO 250 2T FACTORY MY19
368|ENDURO RR 250 2T MY18
453|TRIAL EVO 300 2T FACTORY MY19
470|ENDURO RS 400 4T MY14 USA
227|TRIAL EVO 200 2T MY15
093|MOTARD RR 125 4T LC MY18 - CBS
087|MOTARD RR 125 4T LC MY13-MY14
451|TRIAL EVO 125 2T FACTORY MY19
395|ENDURO RR 390 4T MY16
464|ENDURO RR-S 125 4T MY18 WHITE USA
228|TRIAL EVO 125 2T MY15
229|TRIAL EVO 250 2T MY15
230|TRIAL EVO 300 2T MY15
401|ENDURO RR 480 4T RACING MY16
231|TRIAL EVO 125 2T FACTORY MY15
232|TRIAL EVO 250 2T FACTORY MY15
263|TRIAL EVO 300 4T MY15
264|TRIAL EVO 250 4T MY16
265|TRIAL EVO 300 4T MY16
111|MOTARD RR 50 2T MY18
266|TRIAL EVO 300 4T FACTORY MY16
326|ENDURO RR 125 LC MY16
327|ENDURO RR 125 LC MY17
328|ENDURO RR 125 4T LC MY18 - CBS - FDV
329|ENDURO RR 125 4T LC MY18 - CBS
407|ENDURO RR 350 4T RACING MY17
412|ENDURO RR 390 4T MY18
408|ENDURO RR 390 4T RACING MY17
409|ENDURO RR 430 4T RACING MY17
410|ENDURO RR 480 4T RACING MY17
419|ENDURO RR 350 4T MY19
420|ENDURO RR 390 4T MY19
417|ENDURO RR 430 4T RACING MY18
421|ENDURO RR 430 4T MY19
422|ENDURO RR 480 4T MY19
465|MOTARD RR-S 125 4T MY18 BLACK USA
466|ENDURO RR-S 125 4T MY19 RED USA
081|ALP 200 4T MY18
086|ALP 4.0 350 4T MY18
481|ENDURO RR-S 390 4T MY17 USA
482|ENDURO RR-S 390 4T MY17 CANADA
483|ENDURO RR-S 430 4T MY17 USA
484|ENDURO RR-S 430 4T MY17 CANADA
485|ENDURO RR-S 500 4T MY17 USA
486|ENDURO RR-S 500 4T MY17 CANADA
435|MOTARD RR 125 4T LC MY19
503|MOTARD RR 125 4T R LC MY19
487|ENDURO RR-S 350 4T MY18 USA
488|ENDURO RR-S 350 4T MY18 CANADA
489|ENDURO RR-S 390 4T MY18 USA
426|ENDURO XTRAINER 300 MY16
490|ENDURO RR-S 390 4T MY18 CANADA
491|ENDURO RR-S 430 4T MY18 USA
492|ENDURO RR-S 430 4T MY18 CANADA
493|ENDURO RR-S 500 4T MY18 USA
494|ENDURO RR-S 500 4T MY18 CANADA
495|ENDURO RR-S 350 4T MY19 USA
496|ENDURO RR-S 350 4T MY19 CANADA
497|ENDURO RR-S 390 4T MY19 USA
498|ENDURO RR-S 390 4T MY19 CANADA
499|ENDURO RR-S 430 4T MY19 USA
500|ENDURO RR-S 430 4T MY19 CANADA
501| ENDURO RR-S 500 4T MY19 USA
436|ENDURO RR 350 4T RACING MY19
502|ENDURO RR-S 500 4T MY19 CANADA
061|ALP 200 MY08-MY11
434|ENDURO RR 125 4T LC MY19
094|MOTARD RR 50 MY12-MY14
096|MOTARD RR 50 TRACK MY12-MY14
098|MOTARD RR 50 MY12-MY14
100|MOTARD RR 50 SPORT MY15
101|MOTARD RR 50 TRACK MY15
102|MOTARD RR 50 MY15
192|TRIAL EVO 300 2T MY18
198|TRIAL EVO 300 2T SS MY18
332|ENDURO RR 50 MY12-MY14
334|ENDURO RR 50 MY12-MY14
337|ENDURO RR 50 SPORT MY15
338|ENDURO RR 50 MY15
348|ENDURO RR 250 2T STD/RACING MY13-MY14
351|ENDURO RR 300 2T STD/RACING MY13-MY14
524|TRIAL EVO 300 4T MY20
512|ENDURO RR-S 390 4T MY20
522|TRIAL EVO 250 2T MY20 GB
446|ENDURO RR 50 2T SPORT MY19
511|ENDURO RR-S 350 4T MY20
514|ENDURO RR-S 500 4T MY20
516|ENDURO RR 125 2T MY20
513|ENDURO RR-S 430 4T MY20
523|TRIAL EVO 300 2T MY20 GB
515|ENDURO RR 200 2T MY20
504|ENDURO RR 300 2T MY20
517|TRIAL EVO 125 2T MY20
323|ENDURO RR 125 LC MY13
518|TRIAL EVO 200 2T MY20
519|TRIAL EVO 250 2T MY20
520|TRIAL EVO 300 2T MY20
525|ENDURO RR 250 2T RACING MY20
521|TRIAL EVO 300 2T SS MY20
509|ENDURO RR 250 2T MY20
526|ENDURO RR 300 2T RACING MY20
527|ENDURO XTRAINER 250 2T MY20
528|ENDURO XTRAINER 300 2T MY20
529|ENDURO RR 350 4T RACING MY20
078|ALP 200 MY14-MY15
530|ENDURO RR 390 4T RACING MY20
531|ENDURO RR 430 4T RACING MY20
532|ENDURO RR 480 4T RACING MY20
533|ENDURO RR 350 4T RACING MY20 USA-CAN
534|ENDURO RR 390 4T RACING MY20 USA-CAN
535|ENDURO RR 430 4T RACING MY20 USA-CAN
536|ENDURO RR 480 4T RACING MY20 USA-CAN
476|ENDURO RS 390 4T MY16 USA
477|ENDURO RS 430 4T MY16 USA
478|ENDURO RS 500 4T MY16 USA
537|ENDURO RR 125 2T RACING MY20
538|TRIAL EVO 80 2T JUNIOR MY20
539|TRIAL EVO 80 2T SENIOR MY20
540|ENDURO XTRAINER 250 2T MY20 JP
541|ENDURO XTRAINER 300 2T MY20 JP
542|ENDURO RR 50 2T RACING MY20
543|ENDURO WHITE RR 50 2T SPORT MY20
544|ENDURO RED RR 50 2T SPORT MY20
545|ENDURO WHITE RR 50 2T MY20
546|ENDURO RED RR 50 2T MY20
250|TRIAL EVO 250 4T MY09
547|MOTARD WHITE RR 50 2T TRACK MY20
548|MOTARD BLACK RR 50 2T TRACK MY20
549|MOTARD WHITE RR 50 2T SPORT MY20
550|MOTARD BLACK RR 50 2T SPORT MY20
551|MOTARD WHITE RR 50 2T MY20
552|MOTARD BLACK RR 50 2T MY20
553|ENDURO WHITE RR 125 4T LC MY20
554|ENDURO RED RR 125 4T LC MY20
555|ENDURO BLACK RR 125 4T LC MY20
556|MOTARD WHITE RR 125 4T LC MY20
557|MOTARD BLACK RR 125 4T LC MY20
558|TRIAL EVO 125 2T FACTORY MY20
559|TRIAL EVO 250 2T FACTORY MY20
269|TRIAL EVO 300 4T MY18
560|TRIAL EVO 300 2T FACTORY MY20
561|TRIAL EVO 250 2T FACTORY MY20 GB
562|TRIAL EVO 300 2T FACTORY MY20 GB
306|ENDURO RR 520 4T MY10
188|TRIAL EVO 200 2T MY18
563|TRIAL EVO 300 4T FACTORY MY20
564|MOTARD RR 50 2T TRACK R MY20
565|ENDURO XTRAINER 250 2T MY21
566|ENDURO XTRAINER 300 2T MY21
567|ENDURO RR 125 4T R LC MY20
568|MOTARD RR 125 4T R LC MY20
569|ENDURO RR 250 2T MY21
570|ENDURO RR 300 2T MY21
571|ENDURO RR 200 2T MY21
572|ENDURO RR 350 4T MY21
573|ENDURO RR 390 4T MY21
574|ENDURO RR 430 4T MY21
575|ENDURO RR 480 4T MY21
576|ALP RED ALP 200 4T 2020
577|ALP WHITE ALP 200 4T 2020
578|ENDURO RR 125 2T MY21
579|ENDURO RR-S 350 4T MY21
580|ENDURO RR-S 390 4T MY21
581|ENDURO RR-S 430 4T MY21
582|ENDURO RR-S 500 4T MY21
583|TRIAL EVO 125 2T MY21
584|TRIAL EVO 200 2T MY21
585|TRIAL EVO 250 2T MY21
586|TRIAL EVO 250 2T MY21 GB
587|TRIAL EVO 300 2T MY21
588|TRIAL EVO 300 2T MY21 GB
589|TRIAL EVO 300 2T SS MY21
590|ENDURO XTRAINER 250 2T MY21 JP
591|ENDURO RR 125 2T RACING MY21
592|ENDURO RR 200 2T RACING MY21
593|ENDURO RR 250 2T RACING MY21
594|ENDURO RR 300 2T RACING MY21
595|ENDURO RX 300 2T MY21 USA
596|ENDURO RR 350 4T RACING MY21
597|ENDURO RR 390 4T RACING MY21
598|ENDURO RR 430 4T RACING MY21
599|ENDURO RR 480 4T RACING MY21
600|ENDURO RR 350 4T RACING MY21 USA-CAN
601|ENDURO RR 390 4T RACING MY21 USA-CAN
602|ENDURO RR 430 4T RACING MY21 USA-CAN
603|ENDURO RR 480 4T RACING MY21 USA-CAN
604|TRIAL EVO 300 4T MY21
605|TRIAL EVO 80 2T SENIOR MY21
606|TRIAL EVO 80 2T JUNIOR MY21
607|TRIAL EVO 125 2T FACTORY MY21
608|TRIAL EVO 250 2T FACTORY MY21
609|TRIAL EVO 250 2T FACTORY MY21 GB
610|TRIAL EVO 300 2T FACTORY MY21
611|TRIAL EVO 300 2T FACTORY MY21 GB
612|TRIAL EVO 200 2T FACTORY MY21
613|TRIAL EVO 300 4T FACTORY MY21
614|ENDURO WHITE RR 125 4T LC 2021
615|ENDURO BLACK RR 125 4T LC 2021
616|ENDURO RED RR 125 4T LC 2021
617|MOTARD WHITE RR 125 4T LC 2021
618|MOTARD BLACK RR 125 4T LC 2021